Workbook

Sheet Input Bungalows
A1: INPUT PENDAPATAN BUNGALOWS
A2: Tempel tanggal dan total pendapatan pada kolom A–B. Kapasitas maksimal 20.000 data (baris 5–20004). Kolom D–E menampilkan data terurut otomatis.
A3: DATA INPUT | D3: DATA TERURUT OTOMATIS | G3: RINGKASAN DATA
A4: Tanggal | B4: Total Pendapatan (Rp) | D4: Tanggal | E4: Total Pendapatan (Rp) | G4: Jumlah tanggal | H4: =COUNT($A$5:$A$20004) -> 65
A5: 46235 | B5: 2486877 | D5: =IF(ROWS($D$5:D5)>COUNT($A$5:$A$20004),"",SMALL($A$5:$A$20004,ROWS($D$5:D5))) -> 46235 | E5: =IF(D5="","",SUMIF($A$5:$A$20004,D5,$B$5:$B$20004)) -> 8261874 | G5: Tanggal awal | H5: =IF(H4=0,"",MIN($A$5:$A$20004)) -> 46235
A6: 46235 | B6: 2148297 | D6: =IF(ROWS($D$5:D6)>COUNT($A$5:$A$20004),"",SMALL($A$5:$A$20004,ROWS($D$5:D6))) -> 46235 | E6: =IF(D6="","",SUMIF($A$5:$A$20004,D6,$B$5:$B$20004)) -> 8261874 | G6: Tanggal akhir | H6: =IF(H4=0,"",MAX($A$5:$A$20004)) -> 46264
A7: 46235 | B7: 725340 | D7: =IF(ROWS($D$5:D7)>COUNT($A$5:$A$20004),"",SMALL($A$5:$A$20004,ROWS($D$5:D7))) -> 46235 | E7: =IF(D7="","",SUMIF($A$5:$A$20004,D7,$B$5:$B$20004)) -> 8261874
A8: 46235 | B8: 2901360 | D8: =IF(ROWS($D$5:D8)>COUNT($A$5:$A$20004),"",SMALL($A$5:$A$20004,ROWS($D$5:D8))) -> 46235 | E8: =IF(D8="","",SUMIF($A$5:$A$20004,D8,$B$5:$B$20004)) -> 8261874
A9: 46236 | B9: 716099 | D9: =IF(ROWS($D$5:D9)>COUNT($A$5:$A$20004),"",SMALL($A$5:$A$20004,ROWS($D$5:D9))) -> 46236 | E9: =IF(D9="","",SUMIF($A$5:$A$20004,D9,$B$5:$B$20004)) -> 3640309
A10: 46236 | B10: 708070 | D10: =IF(ROWS($D$5:D10)>COUNT($A$5:$A$20004),"",SMALL($A$5:$A$20004,ROWS($D$5:D10))) -> 46236 | E10: =IF(D10="","",SUMIF($A$5:$A$20004,D10,$B$5:$B$20004)) -> 3640309
A11: 46236 | B11: 1416140 | D11: =IF(ROWS($D$5:D11)>COUNT($A$5:$A$20004),"",SMALL($A$5:$A$20004,ROWS($D$5:D11))) -> 46236 | E11: =IF(D11="","",SUMIF($A$5:$A$20004,D11,$B$5:$B$20004)) -> 3640309
A12: 46236 | B12: 800000 | D12: =IF(ROWS($D$5:D12)>COUNT($A$5:$A$20004),"",SMALL($A$5:$A$20004,ROWS($D$5:D12))) -> 46236 | E12: =IF(D12="","",SUMIF($A$5:$A$20004,D12,$B$5:$B$20004)) -> 3640309
A13: 46237 | B13: 716000 | D13: =IF(ROWS($D$5:D13)>COUNT($A$5:$A$20004),"",SMALL($A$5:$A$20004,ROWS($D$5:D13))) -> 46237 | E13: =IF(D13="","",SUMIF($A$5:$A$20004,D13,$B$5:$B$20004)) -> 716000
A14: 46238 | B14: 2373840 | D14: =IF(ROWS($D$5:D14)>COUNT($A$5:$A$20004),"",SMALL($A$5:$A$20004,ROWS($D$5:D14))) -> 46238 | E14: =IF(D14="","",SUMIF($A$5:$A$20004,D14,$B$5:$B$20004)) -> 3089840
A15: 46238 | B15: 716000 | D15: =IF(ROWS($D$5:D15)>COUNT($A$5:$A$20004),"",SMALL($A$5:$A$20004,ROWS($D$5:D15))) -> 46238 | E15: =IF(D15="","",SUMIF($A$5:$A$20004,D15,$B$5:$B$20004)) -> 3089840
A16: 46239 | B16: 1329790 | D16: =IF(ROWS($D$5:D16)>COUNT($A$5:$A$20004),"",SMALL($A$5:$A$20004,ROWS($D$5:D16))) -> 46239 | E16: =IF(D16="","",SUMIF($A$5:$A$20004,D16,$B$5:$B$20004)) -> 1329790
A17: 46240 | B17: 708070 | D17: =IF(ROWS($D$5:D17)>COUNT($A$5:$A$20004),"",SMALL($A$5:$A$20004,ROWS($D$5:D17))) -> 46240 | E17: =IF(D17="","",SUMIF($A$5:$A$20004,D17,$B$5:$B$20004)) -> 5130917
A18: 46240 | B18: 819527 | D18: =IF(ROWS($D$5:D18)>COUNT($A$5:$A$20004),"",SMALL($A$5:$A$20004,ROWS($D$5:D18))) -> 46240 | E18: =IF(D18="","",SUMIF($A$5:$A$20004,D18,$B$5:$B$20004)) -> 5130917
... A69: 46264 | B69: 781860 | D69: =IF(ROWS($D$5:D69)>COUNT($A$5:$A$20004),"",SMALL($A$5:$A$20004,ROWS($D$5:D69))) -> 46264 | E69: =IF(D69="","",SUMIF($A$5:$A$20004,D69,$B$5:$B$20004)) -> 781860
D70: =IF(ROWS($D$5:D70)>COUNT($A$5:$A$20004),"",SMALL($A$5:$A$20004,ROWS($D$5:D70))) | E70: =IF(D70="","",SUMIF($A$5:$A$20004,D70,$B$5:$B$20004))
D71: =IF(ROWS($D$5:D71)>COUNT($A$5:$A$20004),"",SMALL($A$5:$A$20004,ROWS($D$5:D71))) | E71: =IF(D71="","",SUMIF($A$5:$A$20004,D71,$B$5:$B$20004))
D72: =IF(ROWS($D$5:D72)>COUNT($A$5:$A$20004),"",SMALL($A$5:$A$20004,ROWS($D$5:D72))) | E72: =IF(D72="","",SUMIF($A$5:$A$20004,D72,$B$5:$B$20004))
D73: =IF(ROWS($D$5:D73)>COUNT($A$5:$A$20004),"",SMALL($A$5:$A$20004,ROWS($D$5:D73))) | E73: =IF(D73="","",SUMIF($A$5:$A$20004,D73,$B$5:$B$20004))
D74: =IF(ROWS($D$5:D74)>COUNT($A$5:$A$20004),"",SMALL($A$5:$A$20004,ROWS($D$5:D74))) | E74: =IF(D74="","",SUMIF($A$5:$A$20004,D74,$B$5:$B$20004))
D75: =IF(ROWS($D$5:D75)>COUNT($A$5:$A$20004),"",SMALL($A$5:$A$20004,ROWS($D$5:D75))) | E75: =IF(D75="","",SUMIF($A$5:$A$20004,D75,$B$5:$B$20004))
D76: =IF(ROWS($D$5:D76)>COUNT($A$5:$A$20004),"",SMALL($A$5:$A$20004,ROWS($D$5:D76))) | E76: =IF(D76="","",SUMIF($A$5:$A$20004,D76,$B$5:$B$20004))
D77: =IF(ROWS($D$5:D77)>COUNT($A$5:$A$20004),"",SMALL($A$5:$A$20004,ROWS($D$5:D77))) | E77: =IF(D77="","",SUMIF($A$5:$A$20004,D77,$B$5:$B$20004))
D78: =IF(ROWS($D$5:D78)>COUNT($A$5:$A$20004),"",SMALL($A$5:$A$20004,ROWS($D$5:D78))) | E78: =IF(D78="","",SUMIF($A$5:$A$20004,D78,$B$5:$B$20004))
D79: =IF(ROWS($D$5:D79)>COUNT($A$5:$A$20004),"",SMALL($A$5:$A$20004,ROWS($D$5:D79))) | E79: =IF(D79="","",SUMIF($A$5:$A$20004,D79,$B$5:$B$20004))
D80: =IF(ROWS($D$5:D80)>COUNT($A$5:$A$20004),"",SMALL($A$5:$A$20004,ROWS($D$5:D80))) | E80: =IF(D80="","",SUMIF($A$5:$A$20004,D80,$B$5:$B$20004))
D81: =IF(ROWS($D$5:D81)>COUNT($A$5:$A$20004),"",SMALL($A$5:$A$20004,ROWS($D$5:D81))) | E81: =IF(D81="","",SUMIF($A$5:$A$20004,D81,$B$5:$B$20004))
... D20004: =IF(ROWS($D$5:D20004)>COUNT($A$5:$A$20004),"",SMALL($A$5:$A$20004,ROWS($D$5:D20004))) | E20004: =IF(D20004="","",SUMIF($A$5:$A$20004,D20004,$B$5:$B$20004))

Sheet Laporan Bungalows
C1: LAPORAN PENDAPATAN BUNGALOWS | D1: LAPORAN PENDAPATAN BUNGALOWS | E1: LAPORAN PENDAPATAN BUNGALOWS | F1: LAPORAN PENDAPATAN BUNGALOWS | G1: LAPORAN PENDAPATAN BUNGALOWS | H1: LAPORAN PENDAPATAN BUNGALOWS | I1: LAPORAN PENDAPATAN BUNGALOWS | J1: LAPORAN PENDAPATAN BUNGALOWS | K1: LAPORAN PENDAPATAN BUNGALOWS | L1: LAPORAN PENDAPATAN BUNGALOWS | M1: LAPORAN PENDAPATAN BUNGALOWS | N1: LAPORAN PENDAPATAN BUNGALOWS
C2: ANDA BUNGALOWS & RESTAURANT | D2: ANDA BUNGALOWS & RESTAURANT | E2: ANDA BUNGALOWS & RESTAURANT | F2: ANDA BUNGALOWS & RESTAURANT | G2: ANDA BUNGALOWS & RESTAURANT | H2: ANDA BUNGALOWS & RESTAURANT | I2: ANDA BUNGALOWS & RESTAURANT | J2: ANDA BUNGALOWS & RESTAURANT | K2: ANDA BUNGALOWS & RESTAURANT | L2: ANDA BUNGALOWS & RESTAURANT | M2: ANDA BUNGALOWS & RESTAURANT | N2: ANDA BUNGALOWS & RESTAURANT
C3: Jalan Pariwisata Pantai Kuta, Kecamatan Pujut, Lombok Tengah, NTB | HP/WhatsApp: 087750665000 | D3: Jalan Pariwisata Pantai Kuta, Kecamatan Pujut, Lombok Tengah, NTB | HP/WhatsApp: 087750665000 | E3: Jalan Pariwisata Pantai Kuta, Kecamatan Pujut, Lombok Tengah, NTB | HP/WhatsApp: 087750665000 | F3: Jalan Pariwisata Pantai Kuta, Kecamatan Pujut, Lombok Tengah, NTB | HP/WhatsApp: 087750665000 | G3: Jalan Pariwisata Pantai Kuta, Kecamatan Pujut, Lombok Tengah, NTB | HP/WhatsApp: 087750665000 | H3: Jalan Pariwisata Pantai Kuta, Kecamatan Pujut, Lombok Tengah, NTB | HP/WhatsApp: 087750665000 | I3: Jalan Pariwisata Pantai Kuta, Kecamatan Pujut, Lombok Tengah, NTB | HP/WhatsApp: 087750665000 | J3: Jalan Pariwisata Pantai Kuta, Kecamatan Pujut, Lombok Tengah, NTB | HP/WhatsApp: 087750665000 | K3: ="Periode: "&B4&" "&TEXT(E4,"0") -> Periode: Agustus 2026
A4: Bulan | B4: Agustus | D4: Tahun | E4: 2026 | F4: Tarif Pajak | H4: 0.1
A6: TOTAL PENDAPATAN KOTOR | F6: PAJAK TERUTANG | K6: PENDAPATAN SETELAH PAJAK
A7: =SUM($D$15:$D$45) -> 79083651 | F7: =ROUND($A$7*$H$4,0) -> 7908365 | K7: =$A$7-$F$7 -> 71175286
A10: Jumlah Hari | D10: =DAY(DATE($E$4,MATCH($B$4,Referensi!$A$2:$A$13,0)+1,0)) -> 31 | F10: Hari Berpendapatan | I10: =COUNTIF($D$15:$D$45,">0") -> 29 | K10: Hari Tanpa Pendapatan | N10: =COUNTIFS($B$15:$B$45,"<>",$D$15:$D$45,0) -> 2
A12: Rata-rata per Hari | D12: =IFERROR($A$7/$D$10,0) -> 2551085.5 | F12: Pendapatan Tertinggi | I12: =MAX($D$15:$D$45) -> 8261874 | K12: Pendapatan Terendah > 0 | N12: 0
A14: No. | B14: Tanggal | C14: Hari | D14: Pendapatan (Rp) | E14: Status | F14: Akumulasi (Rp)
A15: =IF(B15="","",ROW()-14) -> 1 | B15: =IF(ROW()-14<=DAY(DATE($E$4,MATCH($B$4,Referensi!$A$2:$A$13,0)+1,0)),DATE($E$4,MATCH($B$4,Referensi!$A$2:$A$13,0),ROW()-14),"") -> 46235 | C15: =IF(B15="","",CHOOSE(WEEKDAY(B15,2),"Senin","Selasa","Rabu","Kamis","Jumat","Sabtu","Minggu")) -> Sabtu | D15: =IF(B15="","",SUMIFS('Input Bungalows'!$B$5:$B$20004,'Input Bungalows'!$A$5:$A$20004,B15)) -> 8261874 | E15: =IF(B15="","",IF(D15=0,"Tidak Ada Pendapatan","Ada Pendapatan")) -> Ada Pendapatan | F15: =IF(B15="","",SUM($D$15:D15)) -> 8261874
A16: =IF(B16="","",ROW()-14) -> 2 | B16: =IF(ROW()-14<=DAY(DATE($E$4,MATCH($B$4,Referensi!$A$2:$A$13,0)+1,0)),DATE($E$4,MATCH($B$4,Referensi!$A$2:$A$13,0),ROW()-14),"") -> 46236 | C16: =IF(B16="","",CHOOSE(WEEKDAY(B16,2),"Senin","Selasa","Rabu","Kamis","Jumat","Sabtu","Minggu")) -> Minggu | D16: =IF(B16="","",SUMIFS('Input Bungalows'!$B$5:$B$20004,'Input Bungalows'!$A$5:$A$20004,B16)) -> 3640309 | E16: =IF(B16="","",IF(D16=0,"Tidak Ada Pendapatan","Ada Pendapatan")) -> Ada Pendapatan | F16: =IF(B16="","",SUM($D$15:D16)) -> 11902183
A17: =IF(B17="","",ROW()-14) -> 3 | B17: =IF(ROW()-14<=DAY(DATE($E$4,MATCH($B$4,Referensi!$A$2:$A$13,0)+1,0)),DATE($E$4,MATCH($B$4,Referensi!$A$2:$A$13,0),ROW()-14),"") -> 46237 | C17: =IF(B17="","",CHOOSE(WEEKDAY(B17,2),"Senin","Selasa","Rabu","Kamis","Jumat","Sabtu","Minggu")) -> Senin | D17: =IF(B17="","",SUMIFS('Input Bungalows'!$B$5:$B$20004,'Input Bungalows'!$A$5:$A$20004,B17)) -> 716000 | E17: =IF(B17="","",IF(D17=0,"Tidak Ada Pendapatan","Ada Pendapatan")) -> Ada Pendapatan | F17: =IF(B17="","",SUM($D$15:D17)) -> 12618183
A18: =IF(B18="","",ROW()-14) -> 4 | B18: =IF(ROW()-14<=DAY(DATE($E$4,MATCH($B$4,Referensi!$A$2:$A$13,0)+1,0)),DATE($E$4,MATCH($B$4,Referensi!$A$2:$A$13,0),ROW()-14),"") -> 46238 | C18: =IF(B18="","",CHOOSE(WEEKDAY(B18,2),"Senin","Selasa","Rabu","Kamis","Jumat","Sabtu","Minggu")) -> Selasa | D18: =IF(B18="","",SUMIFS('Input Bungalows'!$B$5:$B$20004,'Input Bungalows'!$A$5:$A$20004,B18)) -> 3089840 | E18: =IF(B18="","",IF(D18=0,"Tidak Ada Pendapatan","Ada Pendapatan")) -> Ada Pendapatan | F18: =IF(B18="","",SUM($D$15:D18)) -> 15708023
A19: =IF(B19="","",ROW()-14) -> 5 | B19: =IF(ROW()-14<=DAY(DATE($E$4,MATCH($B$4,Referensi!$A$2:$A$13,0)+1,0)),DATE($E$4,MATCH($B$4,Referensi!$A$2:$A$13,0),ROW()-14),"") -> 46239 | C19: =IF(B19="","",CHOOSE(WEEKDAY(B19,2),"Senin","Selasa","Rabu","Kamis","Jumat","Sabtu","Minggu")) -> Rabu | D19: =IF(B19="","",SUMIFS('Input Bungalows'!$B$5:$B$20004,'Input Bungalows'!$A$5:$A$20004,B19)) -> 1329790 | E19: =IF(B19="","",IF(D19=0,"Tidak Ada Pendapatan","Ada Pendapatan")) -> Ada Pendapatan | F19: =IF(B19="","",SUM($D$15:D19)) -> 17037813
A20: =IF(B20="","",ROW()-14) -> 6 | B20: =IF(ROW()-14<=DAY(DATE($E$4,MATCH($B$4,Referensi!$A$2:$A$13,0)+1,0)),DATE($E$4,MATCH($B$4,Referensi!$A$2:$A$13,0),ROW()-14),"") -> 46240 | C20: =IF(B20="","",CHOOSE(WEEKDAY(B20,2),"Senin","Selasa","Rabu","Kamis","Jumat","Sabtu","Minggu")) -> Kamis | D20: =IF(B20="","",SUMIFS('Input Bungalows'!$B$5:$B$20004,'Input Bungalows'!$A$5:$A$20004,B20)) -> 5130917 | E20: =IF(B20="","",IF(D20=0,"Tidak Ada Pendapatan","Ada Pendapatan")) -> Ada Pendapatan | F20: =IF(B20="","",SUM($D$15:D20)) -> 22168730
A21: =IF(B21="","",ROW()-14) -> 7 | B21: =IF(ROW()-14<=DAY(DATE($E$4,MATCH($B$4,Referensi!$A$2:$A$13,0)+1,0)),DATE($E$4,MATCH($B$4,Referensi!$A$2:$A$13,0),ROW()-14),"") -> 46241 | C21: =IF(B21="","",CHOOSE(WEEKDAY(B21,2),"Senin","Selasa","Rabu","Kamis","Jumat","Sabtu","Minggu")) -> Jumat | D21: =IF(B21="","",SUMIFS('Input Bungalows'!$B$5:$B$20004,'Input Bungalows'!$A$5:$A$20004,B21)) -> 2901360 | E21: =IF(B21="","",IF(D21=0,"Tidak Ada Pendapatan","Ada Pendapatan")) -> Ada Pendapatan | F21: =IF(B21="","",SUM($D$15:D21)) -> 25070090
A22: =IF(B22="","",ROW()-14) -> 8 | B22: =IF(ROW()-14<=DAY(DATE($E$4,MATCH($B$4,Referensi!$A$2:$A$13,0)+1,0)),DATE($E$4,MATCH($B$4,Referensi!$A$2:$A$13,0),ROW()-14),"") -> 46242 | C22: =IF(B22="","",CHOOSE(WEEKDAY(B22,2),"Senin","Selasa","Rabu","Kamis","Jumat","Sabtu","Minggu")) -> Sabtu | D22: =IF(B22="","",SUMIFS('Input Bungalows'!$B$5:$B$20004,'Input Bungalows'!$A$5:$A$20004,B22)) -> 2250680 | E22: =IF(B22="","",IF(D22=0,"Tidak Ada Pendapatan","Ada Pendapatan")) -> Ada Pendapatan | F22: =IF(B22="","",SUM($D$15:D22)) -> 27320770
A23: =IF(B23="","",ROW()-14) -> 9 | B23: =IF(ROW()-14<=DAY(DATE($E$4,MATCH($B$4,Referensi!$A$2:$A$13,0)+1,0)),DATE($E$4,MATCH($B$4,Referensi!$A$2:$A$13,0),ROW()-14),"") -> 46243 | C23: =IF(B23="","",CHOOSE(WEEKDAY(B23,2),"Senin","Selasa","Rabu","Kamis","Jumat","Sabtu","Minggu")) -> Minggu | D23: =IF(B23="","",SUMIFS('Input Bungalows'!$B$5:$B$20004,'Input Bungalows'!$A$5:$A$20004,B23)) -> 3632280 | E23: =IF(B23="","",IF(D23=0,"Tidak Ada Pendapatan","Ada Pendapatan")) -> Ada Pendapatan | F23: =IF(B23="","",SUM($D$15:D23)) -> 30953050
A24: =IF(B24="","",ROW()-14) -> 10 | B24: =IF(ROW()-14<=DAY(DATE($E$4,MATCH($B$4,Referensi!$A$2:$A$13,0)+1,0)),DATE($E$4,MATCH($B$4,Referensi!$A$2:$A$13,0),ROW()-14),"") -> 46244 | C24: =IF(B24="","",CHOOSE(WEEKDAY(B24,2),"Senin","Selasa","Rabu","Kamis","Jumat","Sabtu","Minggu")) -> Senin | D24: =IF(B24="","",SUMIFS('Input Bungalows'!$B$5:$B$20004,'Input Bungalows'!$A$5:$A$20004,B24)) -> 1551245 | E24: =IF(B24="","",IF(D24=0,"Tidak Ada Pendapatan","Ada Pendapatan")) -> Ada Pendapatan | F24: =IF(B24="","",SUM($D$15:D24)) -> 32504295
A25: =IF(B25="","",ROW()-14) -> 11 | B25: =IF(ROW()-14<=DAY(DATE($E$4,MATCH($B$4,Referensi!$A$2:$A$13,0)+1,0)),DATE($E$4,MATCH($B$4,Referensi!$A$2:$A$13,0),ROW()-14),"") -> 46245 | C25: =IF(B25="","",CHOOSE(WEEKDAY(B25,2),"Senin","Selasa","Rabu","Kamis","Jumat","Sabtu","Minggu")) -> Selasa | D25: =IF(B25="","",SUMIFS('Input Bungalows'!$B$5:$B$20004,'Input Bungalows'!$A$5:$A$20004,B25)) -> 3813700 | E25: =IF(B25="","",IF(D25=0,"Tidak Ada Pendapatan","Ada Pendapatan")) -> Ada Pendapatan | F25: =IF(B25="","",SUM($D$15:D25)) -> 36317995
A26: =IF(B26="","",ROW()-14) -> 12 | B26: =IF(ROW()-14<=DAY(DATE($E$4,MATCH($B$4,Referensi!$A$2:$A$13,0)+1,0)),DATE($E$4,MATCH($B$4,Referensi!$A$2:$A$13,0),ROW()-14),"") -> 46246 | C26: =IF(B26="","",CHOOSE(WEEKDAY(B26,2),"Senin","Selasa","Rabu","Kamis","Jumat","Sabtu","Minggu")) -> Rabu | D26: =IF(B26="","",SUMIFS('Input Bungalows'!$B$5:$B$20004,'Input Bungalows'!$A$5:$A$20004,B26)) -> 3103275 | E26: =IF(B26="","",IF(D26=0,"Tidak Ada Pendapatan","Ada Pendapatan")) -> Ada Pendapatan | F26: =IF(B26="","",SUM($D$15:D26)) -> 39421270
... A31: =IF(B31="","",ROW()-14) -> 17 | B31: =IF(ROW()-14<=DAY(DATE($E$4,MATCH($B$4,Referensi!$A$2:$A$13,0)+1,0)),DATE($E$4,MATCH($B$4,Referensi!$A$2:$A$13,0),ROW()-14),"") -> 46251 | C31: =IF(B31="","",CHOOSE(WEEKDAY(B31,2),"Senin","Selasa","Rabu","Kamis","Jumat","Sabtu","Minggu")) -> Senin | D31: =IF(B31="","",SUMIFS('Input Bungalows'!$B$5:$B$20004,'Input Bungalows'!$A$5:$A$20004,B31)) -> 2223120 | E31: =IF(B31="","",IF(D31=0,"Tidak Ada Pendapatan","Ada Pendapatan")) -> Ada Pendapatan | F31: =IF(B31="","",SUM($D$15:D31)) -> 52114687
A32: =IF(B32="","",ROW()-14) -> 18 | B32: =IF(ROW()-14<=DAY(DATE($E$4,MATCH($B$4,Referensi!$A$2:$A$13,0)+1,0)),DATE($E$4,MATCH($B$4,Referensi!$A$2:$A$13,0),ROW()-14),"") -> 46252 | C32: =IF(B32="","",CHOOSE(WEEKDAY(B32,2),"Senin","Selasa","Rabu","Kamis","Jumat","Sabtu","Minggu")) -> Selasa | D32: =IF(B32="","",SUMIFS('Input Bungalows'!$B$5:$B$20004,'Input Bungalows'!$A$5:$A$20004,B32)) -> 6651066 | E32: =IF(B32="","",IF(D32=0,"Tidak Ada Pendapatan","Ada Pendapatan")) -> Ada Pendapatan | F32: =IF(B32="","",SUM($D$15:D32)) -> 58765753 | H32: Grafik mengambil data langsung dari kolom Tanggal dan Pendapatan pada tabel laporan.
A33: =IF(B33="","",ROW()-14) -> 19 | B33: =IF(ROW()-14<=DAY(DATE($E$4,MATCH($B$4,Referensi!$A$2:$A$13,0)+1,0)),DATE($E$4,MATCH($B$4,Referensi!$A$2:$A$13,0),ROW()-14),"") -> 46253 | C33: =IF(B33="","",CHOOSE(WEEKDAY(B33,2),"Senin","Selasa","Rabu","Kamis","Jumat","Sabtu","Minggu")) -> Rabu | D33: =IF(B33="","",SUMIFS('Input Bungalows'!$B$5:$B$20004,'Input Bungalows'!$A$5:$A$20004,B33)) -> 1648500 | E33: =IF(B33="","",IF(D33=0,"Tidak Ada Pendapatan","Ada Pendapatan")) -> Ada Pendapatan | F33: =IF(B33="","",SUM($D$15:D33)) -> 60414253
A34: =IF(B34="","",ROW()-14) -> 20 | B34: =IF(ROW()-14<=DAY(DATE($E$4,MATCH($B$4,Referensi!$A$2:$A$13,0)+1,0)),DATE($E$4,MATCH($B$4,Referensi!$A$2:$A$13,0),ROW()-14),"") -> 46254 | C34: =IF(B34="","",CHOOSE(WEEKDAY(B34,2),"Senin","Selasa","Rabu","Kamis","Jumat","Sabtu","Minggu")) -> Kamis | D34: =IF(B34="","",SUMIFS('Input Bungalows'!$B$5:$B$20004,'Input Bungalows'!$A$5:$A$20004,B34)) -> 3108779 | E34: =IF(B34="","",IF(D34=0,"Tidak Ada Pendapatan","Ada Pendapatan")) -> Ada Pendapatan | F34: =IF(B34="","",SUM($D$15:D34)) -> 63523032 | H34: RINGKASAN PAJAK BULANAN
A35: =IF(B35="","",ROW()-14) -> 21 | B35: =IF(ROW()-14<=DAY(DATE($E$4,MATCH($B$4,Referensi!$A$2:$A$13,0)+1,0)),DATE($E$4,MATCH($B$4,Referensi!$A$2:$A$13,0),ROW()-14),"") -> 46255 | C35: =IF(B35="","",CHOOSE(WEEKDAY(B35,2),"Senin","Selasa","Rabu","Kamis","Jumat","Sabtu","Minggu")) -> Jumat | D35: =IF(B35="","",SUMIFS('Input Bungalows'!$B$5:$B$20004,'Input Bungalows'!$A$5:$A$20004,B35)) -> 2826000 | E35: =IF(B35="","",IF(D35=0,"Tidak Ada Pendapatan","Ada Pendapatan")) -> Ada Pendapatan | F35: =IF(B35="","",SUM($D$15:D35)) -> 66349032 | H35: Pendapatan Kotor | M35: =$A$7 -> 79083651
A36: =IF(B36="","",ROW()-14) -> 22 | B36: =IF(ROW()-14<=DAY(DATE($E$4,MATCH($B$4,Referensi!$A$2:$A$13,0)+1,0)),DATE($E$4,MATCH($B$4,Referensi!$A$2:$A$13,0),ROW()-14),"") -> 46256 | C36: =IF(B36="","",CHOOSE(WEEKDAY(B36,2),"Senin","Selasa","Rabu","Kamis","Jumat","Sabtu","Minggu")) -> Sabtu | D36: =IF(B36="","",SUMIFS('Input Bungalows'!$B$5:$B$20004,'Input Bungalows'!$A$5:$A$20004,B36)) -> 1600000 | E36: =IF(B36="","",IF(D36=0,"Tidak Ada Pendapatan","Ada Pendapatan")) -> Ada Pendapatan | F36: =IF(B36="","",SUM($D$15:D36)) -> 67949032 | H36: Tarif Pajak | M36: =$H$4 -> 0.1
A37: =IF(B37="","",ROW()-14) -> 23 | B37: =IF(ROW()-14<=DAY(DATE($E$4,MATCH($B$4,Referensi!$A$2:$A$13,0)+1,0)),DATE($E$4,MATCH($B$4,Referensi!$A$2:$A$13,0),ROW()-14),"") -> 46257 | C37: =IF(B37="","",CHOOSE(WEEKDAY(B37,2),"Senin","Selasa","Rabu","Kamis","Jumat","Sabtu","Minggu")) -> Minggu | D37: =IF(B37="","",SUMIFS('Input Bungalows'!$B$5:$B$20004,'Input Bungalows'!$A$5:$A$20004,B37)) -> 2391280 | E37: =IF(B37="","",IF(D37=0,"Tidak Ada Pendapatan","Ada Pendapatan")) -> Ada Pendapatan | F37: =IF(B37="","",SUM($D$15:D37)) -> 70340312 | H37: Pajak yang Harus Dibayarkan | M37: =$F$7 -> 7908365
A38: =IF(B38="","",ROW()-14) -> 24 | B38: =IF(ROW()-14<=DAY(DATE($E$4,MATCH($B$4,Referensi!$A$2:$A$13,0)+1,0)),DATE($E$4,MATCH($B$4,Referensi!$A$2:$A$13,0),ROW()-14),"") -> 46258 | C38: =IF(B38="","",CHOOSE(WEEKDAY(B38,2),"Senin","Selasa","Rabu","Kamis","Jumat","Sabtu","Minggu")) -> Senin | D38: =IF(B38="","",SUMIFS('Input Bungalows'!$B$5:$B$20004,'Input Bungalows'!$A$5:$A$20004,B38)) -> 1635940 | E38: =IF(B38="","",IF(D38=0,"Tidak Ada Pendapatan","Ada Pendapatan")) -> Ada Pendapatan | F38: =IF(B38="","",SUM($D$15:D38)) -> 71976252 | H38: Pendapatan Setelah Pajak | M38: =$K$7 -> 71175286
A39: =IF(B39="","",ROW()-14) -> 25 | B39: =IF(ROW()-14<=DAY(DATE($E$4,MATCH($B$4,Referensi!$A$2:$A$13,0)+1,0)),DATE($E$4,MATCH($B$4,Referensi!$A$2:$A$13,0),ROW()-14),"") -> 46259 | C39: =IF(B39="","",CHOOSE(WEEKDAY(B39,2),"Senin","Selasa","Rabu","Kamis","Jumat","Sabtu","Minggu")) -> Selasa | D39: =IF(B39="","",SUMIFS('Input Bungalows'!$B$5:$B$20004,'Input Bungalows'!$A$5:$A$20004,B39)) -> 1540000 | E39: =IF(B39="","",IF(D39=0,"Tidak Ada Pendapatan","Ada Pendapatan")) -> Ada Pendapatan | F39: =IF(B39="","",SUM($D$15:D39)) -> 73516252
A40: =IF(B40="","",ROW()-14) -> 26 | B40: =IF(ROW()-14<=DAY(DATE($E$4,MATCH($B$4,Referensi!$A$2:$A$13,0)+1,0)),DATE($E$4,MATCH($B$4,Referensi!$A$2:$A$13,0),ROW()-14),"") -> 46260 | C40: =IF(B40="","",CHOOSE(WEEKDAY(B40,2),"Senin","Selasa","Rabu","Kamis","Jumat","Sabtu","Minggu")) -> Rabu | D40: =IF(B40="","",SUMIFS('Input Bungalows'!$B$5:$B$20004,'Input Bungalows'!$A$5:$A$20004,B40)) -> 716099 | E40: =IF(B40="","",IF(D40=0,"Tidak Ada Pendapatan","Ada Pendapatan")) -> Ada Pendapatan | F40: =IF(B40="","",SUM($D$15:D40)) -> 74232351 | H40: Catatan: pajak Bungalows dihitung 10% dari pendapatan kotor pada periode yang dipilih.
A41: =IF(B41="","",ROW()-14) -> 27 | B41: =IF(ROW()-14<=DAY(DATE($E$4,MATCH($B$4,Referensi!$A$2:$A$13,0)+1,0)),DATE($E$4,MATCH($B$4,Referensi!$A$2:$A$13,0),ROW()-14),"") -> 46261 | C41: =IF(B41="","",CHOOSE(WEEKDAY(B41,2),"Senin","Selasa","Rabu","Kamis","Jumat","Sabtu","Minggu")) -> Kamis | D41: =IF(B41="","",SUMIFS('Input Bungalows'!$B$5:$B$20004,'Input Bungalows'!$A$5:$A$20004,B41)) -> 2515140 | E41: =IF(B41="","",IF(D41=0,"Tidak Ada Pendapatan","Ada Pendapatan")) -> Ada Pendapatan | F41: =IF(B41="","",SUM($D$15:D41)) -> 76747491
A42: =IF(B42="","",ROW()-14) -> 28 | B42: =IF(ROW()-14<=DAY(DATE($E$4,MATCH($B$4,Referensi!$A$2:$A$13,0)+1,0)),DATE($E$4,MATCH($B$4,Referensi!$A$2:$A$13,0),ROW()-14),"") -> 46262 | C42: =IF(B42="","",CHOOSE(WEEKDAY(B42,2),"Senin","Selasa","Rabu","Kamis","Jumat","Sabtu","Minggu")) -> Jumat | D42: =IF(B42="","",SUMIFS('Input Bungalows'!$B$5:$B$20004,'Input Bungalows'!$A$5:$A$20004,B42)) -> 1554300 | E42: =IF(B42="","",IF(D42=0,"Tidak Ada Pendapatan","Ada Pendapatan")) -> Ada Pendapatan | F42: =IF(B42="","",SUM($D$15:D42)) -> 78301791
A43: =IF(B43="","",ROW()-14) -> 29 | B43: =IF(ROW()-14<=DAY(DATE($E$4,MATCH($B$4,Referensi!$A$2:$A$13,0)+1,0)),DATE($E$4,MATCH($B$4,Referensi!$A$2:$A$13,0),ROW()-14),"") -> 46263 | C43: =IF(B43="","",CHOOSE(WEEKDAY(B43,2),"Senin","Selasa","Rabu","Kamis","Jumat","Sabtu","Minggu")) -> Sabtu | D43: =IF(B43="","",SUMIFS('Input Bungalows'!$B$5:$B$20004,'Input Bungalows'!$A$5:$A$20004,B43)) -> 0 | E43: =IF(B43="","",IF(D43=0,"Tidak Ada Pendapatan","Ada Pendapatan")) -> Tidak Ada Pendapatan | F43: =IF(B43="","",SUM($D$15:D43)) -> 78301791
A44: =IF(B44="","",ROW()-14) -> 30 | B44: =IF(ROW()-14<=DAY(DATE($E$4,MATCH($B$4,Referensi!$A$2:$A$13,0)+1,0)),DATE($E$4,MATCH($B$4,Referensi!$A$2:$A$13,0),ROW()-14),"") -> 46264 | C44: =IF(B44="","",CHOOSE(WEEKDAY(B44,2),"Senin","Selasa","Rabu","Kamis","Jumat","Sabtu","Minggu")) -> Minggu | D44: =IF(B44="","",SUMIFS('Input Bungalows'!$B$5:$B$20004,'Input Bungalows'!$A$5:$A$20004,B44)) -> 781860 | E44: =IF(B44="","",IF(D44=0,"Tidak Ada Pendapatan","Ada Pendapatan")) -> Ada Pendapatan | F44: =IF(B44="","",SUM($D$15:D44)) -> 79083651
A45: =IF(B45="","",ROW()-14) -> 31 | B45: =IF(ROW()-14<=DAY(DATE($E$4,MATCH($B$4,Referensi!$A$2:$A$13,0)+1,0)),DATE($E$4,MATCH($B$4,Referensi!$A$2:$A$13,0),ROW()-14),"") -> 46265 | C45: =IF(B45="","",CHOOSE(WEEKDAY(B45,2),"Senin","Selasa","Rabu","Kamis","Jumat","Sabtu","Minggu")) -> Senin | D45: =IF(B45="","",SUMIFS('Input Bungalows'!$B$5:$B$20004,'Input Bungalows'!$A$5:$A$20004,B45)) -> 0 | E45: =IF(B45="","",IF(D45=0,"Tidak Ada Pendapatan","Ada Pendapatan")) -> Tidak Ada Pendapatan | F45: =IF(B45="","",SUM($D$15:D45)) -> 79083651
A47: TOTAL PERIODE | D47: =SUM(D15:D45) -> 79083651 | E47: PAJAK 10% | F47: =ROUND(D47*$H$4,0) -> 7908365

Sheet Input Restaurant
A1: INPUT PENDAPATAN RESTAURANT
A2: Tempel tanggal dan total pendapatan pada kolom A–B. Kapasitas maksimal 20.000 data (baris 5–20004). Kolom D–E menampilkan data terurut otomatis.
A3: DATA INPUT | D3: DATA TERURUT OTOMATIS | G3: RINGKASAN DATA
A4: Tanggal | B4: Total Pendapatan (Rp) | D4: Tanggal | E4: Total Pendapatan (Rp) | G4: Jumlah tanggal | H4: =COUNT($A$5:$A$20004) -> 0
D5: =IF(ROWS($D$5:D5)>COUNT($A$5:$A$20004),"",SMALL($A$5:$A$20004,ROWS($D$5:D5))) | E5: =IF(D5="","",SUMIF($A$5:$A$20004,D5,$B$5:$B$20004)) | G5: Tanggal awal | H5: =IF(H4=0,"",MIN($A$5:$A$20004))
D6: =IF(ROWS($D$5:D6)>COUNT($A$5:$A$20004),"",SMALL($A$5:$A$20004,ROWS($D$5:D6))) | E6: =IF(D6="","",SUMIF($A$5:$A$20004,D6,$B$5:$B$20004)) | G6: Tanggal akhir | H6: =IF(H4=0,"",MAX($A$5:$A$20004))
D7: =IF(ROWS($D$5:D7)>COUNT($A$5:$A$20004),"",SMALL($A$5:$A$20004,ROWS($D$5:D7))) | E7: =IF(D7="","",SUMIF($A$5:$A$20004,D7,$B$5:$B$20004))
D8: =IF(ROWS($D$5:D8)>COUNT($A$5:$A$20004),"",SMALL($A$5:$A$20004,ROWS($D$5:D8))) | E8: =IF(D8="","",SUMIF($A$5:$A$20004,D8,$B$5:$B$20004))
D9: =IF(ROWS($D$5:D9)>COUNT($A$5:$A$20004),"",SMALL($A$5:$A$20004,ROWS($D$5:D9))) | E9: =IF(D9="","",SUMIF($A$5:$A$20004,D9,$B$5:$B$20004))
D10: =IF(ROWS($D$5:D10)>COUNT($A$5:$A$20004),"",SMALL($A$5:$A$20004,ROWS($D$5:D10))) | E10: =IF(D10="","",SUMIF($A$5:$A$20004,D10,$B$5:$B$20004))
D11: =IF(ROWS($D$5:D11)>COUNT($A$5:$A$20004),"",SMALL($A$5:$A$20004,ROWS($D$5:D11))) | E11: =IF(D11="","",SUMIF($A$5:$A$20004,D11,$B$5:$B$20004))
D12: =IF(ROWS($D$5:D12)>COUNT($A$5:$A$20004),"",SMALL($A$5:$A$20004,ROWS($D$5:D12))) | E12: =IF(D12="","",SUMIF($A$5:$A$20004,D12,$B$5:$B$20004))
D13: =IF(ROWS($D$5:D13)>COUNT($A$5:$A$20004),"",SMALL($A$5:$A$20004,ROWS($D$5:D13))) | E13: =IF(D13="","",SUMIF($A$5:$A$20004,D13,$B$5:$B$20004))
D14: =IF(ROWS($D$5:D14)>COUNT($A$5:$A$20004),"",SMALL($A$5:$A$20004,ROWS($D$5:D14))) | E14: =IF(D14="","",SUMIF($A$5:$A$20004,D14,$B$5:$B$20004))
D15: =IF(ROWS($D$5:D15)>COUNT($A$5:$A$20004),"",SMALL($A$5:$A$20004,ROWS($D$5:D15))) | E15: =IF(D15="","",SUMIF($A$5:$A$20004,D15,$B$5:$B$20004))
D16: =IF(ROWS($D$5:D16)>COUNT($A$5:$A$20004),"",SMALL($A$5:$A$20004,ROWS($D$5:D16))) | E16: =IF(D16="","",SUMIF($A$5:$A$20004,D16,$B$5:$B$20004))
D17: =IF(ROWS($D$5:D17)>COUNT($A$5:$A$20004),"",SMALL($A$5:$A$20004,ROWS($D$5:D17))) | E17: =IF(D17="","",SUMIF($A$5:$A$20004,D17,$B$5:$B$20004))
D18: =IF(ROWS($D$5:D18)>COUNT($A$5:$A$20004),"",SMALL($A$5:$A$20004,ROWS($D$5:D18))) | E18: =IF(D18="","",SUMIF($A$5:$A$20004,D18,$B$5:$B$20004))
... D20004: =IF(ROWS($D$5:D20004)>COUNT($A$5:$A$20004),"",SMALL($A$5:$A$20004,ROWS($D$5:D20004))) | E20004: =IF(D20004="","",SUMIF($A$5:$A$20004,D20004,$B$5:$B$20004))

Sheet Laporan Restaurant
C1: LAPORAN PENDAPATAN RESTAURANT | D1: LAPORAN PENDAPATAN RESTAURANT | E1: LAPORAN PENDAPATAN RESTAURANT | F1: LAPORAN PENDAPATAN RESTAURANT | G1: LAPORAN PENDAPATAN RESTAURANT | H1: LAPORAN PENDAPATAN RESTAURANT | I1: LAPORAN PENDAPATAN RESTAURANT | J1: LAPORAN PENDAPATAN RESTAURANT | K1: LAPORAN PENDAPATAN RESTAURANT | L1: LAPORAN PENDAPATAN RESTAURANT | M1: LAPORAN PENDAPATAN RESTAURANT | N1: LAPORAN PENDAPATAN RESTAURANT
C2: ANDA BUNGALOWS & RESTAURANT | D2: ANDA BUNGALOWS & RESTAURANT | E2: ANDA BUNGALOWS & RESTAURANT | F2: ANDA BUNGALOWS & RESTAURANT | G2: ANDA BUNGALOWS & RESTAURANT | H2: ANDA BUNGALOWS & RESTAURANT | I2: ANDA BUNGALOWS & RESTAURANT | J2: ANDA BUNGALOWS & RESTAURANT | K2: ANDA BUNGALOWS & RESTAURANT | L2: ANDA BUNGALOWS & RESTAURANT | M2: ANDA BUNGALOWS & RESTAURANT | N2: ANDA BUNGALOWS & RESTAURANT
C3: Jalan Pariwisata Pantai Kuta, Kecamatan Pujut, Lombok Tengah, NTB | HP/WhatsApp: 087750665000 | D3: Jalan Pariwisata Pantai Kuta, Kecamatan Pujut, Lombok Tengah, NTB | HP/WhatsApp: 087750665000 | E3: Jalan Pariwisata Pantai Kuta, Kecamatan Pujut, Lombok Tengah, NTB | HP/WhatsApp: 087750665000 | F3: Jalan Pariwisata Pantai Kuta, Kecamatan Pujut, Lombok Tengah, NTB | HP/WhatsApp: 087750665000 | G3: Jalan Pariwisata Pantai Kuta, Kecamatan Pujut, Lombok Tengah, NTB | HP/WhatsApp: 087750665000 | H3: Jalan Pariwisata Pantai Kuta, Kecamatan Pujut, Lombok Tengah, NTB | HP/WhatsApp: 087750665000 | I3: Jalan Pariwisata Pantai Kuta, Kecamatan Pujut, Lombok Tengah, NTB | HP/WhatsApp: 087750665000 | J3: Jalan Pariwisata Pantai Kuta, Kecamatan Pujut, Lombok Tengah, NTB | HP/WhatsApp: 087750665000 | K3: ="Periode: "&B4&" "&TEXT(E4,"0") -> Periode: Juli 2026
A4: Bulan | B4: Juli | D4: Tahun | E4: 2026 | F4: Tarif Pajak | H4: 0.1
A6: TOTAL PENDAPATAN KOTOR | F6: PAJAK TERUTANG | K6: PENDAPATAN SETELAH PAJAK
A7: =SUM($D$15:$D$45) -> 0 | F7: =ROUND($A$7*$H$4,0) -> 0 | K7: =$A$7-$F$7 -> 0
A10: Jumlah Hari | D10: =DAY(DATE($E$4,MATCH($B$4,Referensi!$A$2:$A$13,0)+1,0)) -> 31 | F10: Hari Berpendapatan | I10: =COUNTIF($D$15:$D$45,">0") -> 0 | K10: Hari Tanpa Pendapatan | N10: =COUNTIFS($B$15:$B$45,"<>",$D$15:$D$45,0) -> 31
A12: Rata-rata per Hari | D12: =IFERROR($A$7/$D$10,0) -> 0 | F12: Pendapatan Tertinggi | I12: =MAX($D$15:$D$45) -> 0 | K12: Pendapatan Terendah > 0 | N12: 0
A14: No. | B14: Tanggal | C14: Hari | D14: Pendapatan (Rp) | E14: Status | F14: Akumulasi (Rp)
A15: =IF(B15="","",ROW()-14) -> 1 | B15: =IF(ROW()-14<=DAY(DATE($E$4,MATCH($B$4,Referensi!$A$2:$A$13,0)+1,0)),DATE($E$4,MATCH($B$4,Referensi!$A$2:$A$13,0),ROW()-14),"") -> 46204 | C15: =IF(B15="","",CHOOSE(WEEKDAY(B15,2),"Senin","Selasa","Rabu","Kamis","Jumat","Sabtu","Minggu")) -> Rabu | D15: =IF(B15="","",SUMIFS('Input Restaurant'!$B$5:$B$20004,'Input Restaurant'!$A$5:$A$20004,B15)) -> 0 | E15: =IF(B15="","",IF(D15=0,"Tidak Ada Pendapatan","Ada Pendapatan")) -> Tidak Ada Pendapatan | F15: =IF(B15="","",SUM($D$15:D15)) -> 0
A16: =IF(B16="","",ROW()-14) -> 2 | B16: =IF(ROW()-14<=DAY(DATE($E$4,MATCH($B$4,Referensi!$A$2:$A$13,0)+1,0)),DATE($E$4,MATCH($B$4,Referensi!$A$2:$A$13,0),ROW()-14),"") -> 46205 | C16: =IF(B16="","",CHOOSE(WEEKDAY(B16,2),"Senin","Selasa","Rabu","Kamis","Jumat","Sabtu","Minggu")) -> Kamis | D16: =IF(B16="","",SUMIFS('Input Restaurant'!$B$5:$B$20004,'Input Restaurant'!$A$5:$A$20004,B16)) -> 0 | E16: =IF(B16="","",IF(D16=0,"Tidak Ada Pendapatan","Ada Pendapatan")) -> Tidak Ada Pendapatan | F16: =IF(B16="","",SUM($D$15:D16)) -> 0
A17: =IF(B17="","",ROW()-14) -> 3 | B17: =IF(ROW()-14<=DAY(DATE($E$4,MATCH($B$4,Referensi!$A$2:$A$13,0)+1,0)),DATE($E$4,MATCH($B$4,Referensi!$A$2:$A$13,0),ROW()-14),"") -> 46206 | C17: =IF(B17="","",CHOOSE(WEEKDAY(B17,2),"Senin","Selasa","Rabu","Kamis","Jumat","Sabtu","Minggu")) -> Jumat | D17: =IF(B17="","",SUMIFS('Input Restaurant'!$B$5:$B$20004,'Input Restaurant'!$A$5:$A$20004,B17)) -> 0 | E17: =IF(B17="","",IF(D17=0,"Tidak Ada Pendapatan","Ada Pendapatan")) -> Tidak Ada Pendapatan | F17: =IF(B17="","",SUM($D$15:D17)) -> 0
A18: =IF(B18="","",ROW()-14) -> 4 | B18: =IF(ROW()-14<=DAY(DATE($E$4,MATCH($B$4,Referensi!$A$2:$A$13,0)+1,0)),DATE($E$4,MATCH($B$4,Referensi!$A$2:$A$13,0),ROW()-14),"") -> 46207 | C18: =IF(B18="","",CHOOSE(WEEKDAY(B18,2),"Senin","Selasa","Rabu","Kamis","Jumat","Sabtu","Minggu")) -> Sabtu | D18: =IF(B18="","",SUMIFS('Input Restaurant'!$B$5:$B$20004,'Input Restaurant'!$A$5:$A$20004,B18)) -> 0 | E18: =IF(B18="","",IF(D18=0,"Tidak Ada Pendapatan","Ada Pendapatan")) -> Tidak Ada Pendapatan | F18: =IF(B18="","",SUM($D$15:D18)) -> 0
A19: =IF(B19="","",ROW()-14) -> 5 | B19: =IF(ROW()-14<=DAY(DATE($E$4,MATCH($B$4,Referensi!$A$2:$A$13,0)+1,0)),DATE($E$4,MATCH($B$4,Referensi!$A$2:$A$13,0),ROW()-14),"") -> 46208 | C19: =IF(B19="","",CHOOSE(WEEKDAY(B19,2),"Senin","Selasa","Rabu","Kamis","Jumat","Sabtu","Minggu")) -> Minggu | D19: =IF(B19="","",SUMIFS('Input Restaurant'!$B$5:$B$20004,'Input Restaurant'!$A$5:$A$20004,B19)) -> 0 | E19: =IF(B19="","",IF(D19=0,"Tidak Ada Pendapatan","Ada Pendapatan")) -> Tidak Ada Pendapatan | F19: =IF(B19="","",SUM($D$15:D19)) -> 0
A20: =IF(B20="","",ROW()-14) -> 6 | B20: =IF(ROW()-14<=DAY(DATE($E$4,MATCH($B$4,Referensi!$A$2:$A$13,0)+1,0)),DATE($E$4,MATCH($B$4,Referensi!$A$2:$A$13,0),ROW()-14),"") -> 46209 | C20: =IF(B20="","",CHOOSE(WEEKDAY(B20,2),"Senin","Selasa","Rabu","Kamis","Jumat","Sabtu","Minggu")) -> Senin | D20: =IF(B20="","",SUMIFS('Input Restaurant'!$B$5:$B$20004,'Input Restaurant'!$A$5:$A$20004,B20)) -> 0 | E20: =IF(B20="","",IF(D20=0,"Tidak Ada Pendapatan","Ada Pendapatan")) -> Tidak Ada Pendapatan | F20: =IF(B20="","",SUM($D$15:D20)) -> 0
A21: =IF(B21="","",ROW()-14) -> 7 | B21: =IF(ROW()-14<=DAY(DATE($E$4,MATCH($B$4,Referensi!$A$2:$A$13,0)+1,0)),DATE($E$4,MATCH($B$4,Referensi!$A$2:$A$13,0),ROW()-14),"") -> 46210 | C21: =IF(B21="","",CHOOSE(WEEKDAY(B21,2),"Senin","Selasa","Rabu","Kamis","Jumat","Sabtu","Minggu")) -> Selasa | D21: =IF(B21="","",SUMIFS('Input Restaurant'!$B$5:$B$20004,'Input Restaurant'!$A$5:$A$20004,B21)) -> 0 | E21: =IF(B21="","",IF(D21=0,"Tidak Ada Pendapatan","Ada Pendapatan")) -> Tidak Ada Pendapatan | F21: =IF(B21="","",SUM($D$15:D21)) -> 0
A22: =IF(B22="","",ROW()-14) -> 8 | B22: =IF(ROW()-14<=DAY(DATE($E$4,MATCH($B$4,Referensi!$A$2:$A$13,0)+1,0)),DATE($E$4,MATCH($B$4,Referensi!$A$2:$A$13,0),ROW()-14),"") -> 46211 | C22: =IF(B22="","",CHOOSE(WEEKDAY(B22,2),"Senin","Selasa","Rabu","Kamis","Jumat","Sabtu","Minggu")) -> Rabu | D22: =IF(B22="","",SUMIFS('Input Restaurant'!$B$5:$B$20004,'Input Restaurant'!$A$5:$A$20004,B22)) -> 0 | E22: =IF(B22="","",IF(D22=0,"Tidak Ada Pendapatan","Ada Pendapatan")) -> Tidak Ada Pendapatan | F22: =IF(B22="","",SUM($D$15:D22)) -> 0
A23: =IF(B23="","",ROW()-14) -> 9 | B23: =IF(ROW()-14<=DAY(DATE($E$4,MATCH($B$4,Referensi!$A$2:$A$13,0)+1,0)),DATE($E$4,MATCH($B$4,Referensi!$A$2:$A$13,0),ROW()-14),"") -> 46212 | C23: =IF(B23="","",CHOOSE(WEEKDAY(B23,2),"Senin","Selasa","Rabu","Kamis","Jumat","Sabtu","Minggu")) -> Kamis | D23: =IF(B23="","",SUMIFS('Input Restaurant'!$B$5:$B$20004,'Input Restaurant'!$A$5:$A$20004,B23)) -> 0 | E23: =IF(B23="","",IF(D23=0,"Tidak Ada Pendapatan","Ada Pendapatan")) -> Tidak Ada Pendapatan | F23: =IF(B23="","",SUM($D$15:D23)) -> 0
A24: =IF(B24="","",ROW()-14) -> 10 | B24: =IF(ROW()-14<=DAY(DATE($E$4,MATCH($B$4,Referensi!$A$2:$A$13,0)+1,0)),DATE($E$4,MATCH($B$4,Referensi!$A$2:$A$13,0),ROW()-14),"") -> 46213 | C24: =IF(B24="","",CHOOSE(WEEKDAY(B24,2),"Senin","Selasa","Rabu","Kamis","Jumat","Sabtu","Minggu")) -> Jumat | D24: =IF(B24="","",SUMIFS('Input Restaurant'!$B$5:$B$20004,'Input Restaurant'!$A$5:$A$20004,B24)) -> 0 | E24: =IF(B24="","",IF(D24=0,"Tidak Ada Pendapatan","Ada Pendapatan")) -> Tidak Ada Pendapatan | F24: =IF(B24="","",SUM($D$15:D24)) -> 0
A25: =IF(B25="","",ROW()-14) -> 11 | B25: =IF(ROW()-14<=DAY(DATE($E$4,MATCH($B$4,Referensi!$A$2:$A$13,0)+1,0)),DATE($E$4,MATCH($B$4,Referensi!$A$2:$A$13,0),ROW()-14),"") -> 46214 | C25: =IF(B25="","",CHOOSE(WEEKDAY(B25,2),"Senin","Selasa","Rabu","Kamis","Jumat","Sabtu","Minggu")) -> Sabtu | D25: =IF(B25="","",SUMIFS('Input Restaurant'!$B$5:$B$20004,'Input Restaurant'!$A$5:$A$20004,B25)) -> 0 | E25: =IF(B25="","",IF(D25=0,"Tidak Ada Pendapatan","Ada Pendapatan")) -> Tidak Ada Pendapatan | F25: =IF(B25="","",SUM($D$15:D25)) -> 0
A26: =IF(B26="","",ROW()-14) -> 12 | B26: =IF(ROW()-14<=DAY(DATE($E$4,MATCH($B$4,Referensi!$A$2:$A$13,0)+1,0)),DATE($E$4,MATCH($B$4,Referensi!$A$2:$A$13,0),ROW()-14),"") -> 46215 | C26: =IF(B26="","",CHOOSE(WEEKDAY(B26,2),"Senin","Selasa","Rabu","Kamis","Jumat","Sabtu","Minggu")) -> Minggu | D26: =IF(B26="","",SUMIFS('Input Restaurant'!$B$5:$B$20004,'Input Restaurant'!$A$5:$A$20004,B26)) -> 0 | E26: =IF(B26="","",IF(D26=0,"Tidak Ada Pendapatan","Ada Pendapatan")) -> Tidak Ada Pendapatan | F26: =IF(B26="","",SUM($D$15:D26)) -> 0
... A31: =IF(B31="","",ROW()-14) -> 17 | B31: =IF(ROW()-14<=DAY(DATE($E$4,MATCH($B$4,Referensi!$A$2:$A$13,0)+1,0)),DATE($E$4,MATCH($B$4,Referensi!$A$2:$A$13,0),ROW()-14),"") -> 46220 | C31: =IF(B31="","",CHOOSE(WEEKDAY(B31,2),"Senin","Selasa","Rabu","Kamis","Jumat","Sabtu","Minggu")) -> Jumat | D31: =IF(B31="","",SUMIFS('Input Restaurant'!$B$5:$B$20004,'Input Restaurant'!$A$5:$A$20004,B31)) -> 0 | E31: =IF(B31="","",IF(D31=0,"Tidak Ada Pendapatan","Ada Pendapatan")) -> Tidak Ada Pendapatan | F31: =IF(B31="","",SUM($D$15:D31)) -> 0
A32: =IF(B32="","",ROW()-14) -> 18 | B32: =IF(ROW()-14<=DAY(DATE($E$4,MATCH($B$4,Referensi!$A$2:$A$13,0)+1,0)),DATE($E$4,MATCH($B$4,Referensi!$A$2:$A$13,0),ROW()-14),"") -> 46221 | C32: =IF(B32="","",CHOOSE(WEEKDAY(B32,2),"Senin","Selasa","Rabu","Kamis","Jumat","Sabtu","Minggu")) -> Sabtu | D32: =IF(B32="","",SUMIFS('Input Restaurant'!$B$5:$B$20004,'Input Restaurant'!$A$5:$A$20004,B32)) -> 0 | E32: =IF(B32="","",IF(D32=0,"Tidak Ada Pendapatan","Ada Pendapatan")) -> Tidak Ada Pendapatan | F32: =IF(B32="","",SUM($D$15:D32)) -> 0 | H32: Grafik mengambil data langsung dari kolom Tanggal dan Pendapatan pada tabel laporan.
A33: =IF(B33="","",ROW()-14) -> 19 | B33: =IF(ROW()-14<=DAY(DATE($E$4,MATCH($B$4,Referensi!$A$2:$A$13,0)+1,0)),DATE($E$4,MATCH($B$4,Referensi!$A$2:$A$13,0),ROW()-14),"") -> 46222 | C33: =IF(B33="","",CHOOSE(WEEKDAY(B33,2),"Senin","Selasa","Rabu","Kamis","Jumat","Sabtu","Minggu")) -> Minggu | D33: =IF(B33="","",SUMIFS('Input Restaurant'!$B$5:$B$20004,'Input Restaurant'!$A$5:$A$20004,B33)) -> 0 | E33: =IF(B33="","",IF(D33=0,"Tidak Ada Pendapatan","Ada Pendapatan")) -> Tidak Ada Pendapatan | F33: =IF(B33="","",SUM($D$15:D33)) -> 0
A34: =IF(B34="","",ROW()-14) -> 20 | B34: =IF(ROW()-14<=DAY(DATE($E$4,MATCH($B$4,Referensi!$A$2:$A$13,0)+1,0)),DATE($E$4,MATCH($B$4,Referensi!$A$2:$A$13,0),ROW()-14),"") -> 46223 | C34: =IF(B34="","",CHOOSE(WEEKDAY(B34,2),"Senin","Selasa","Rabu","Kamis","Jumat","Sabtu","Minggu")) -> Senin | D34: =IF(B34="","",SUMIFS('Input Restaurant'!$B$5:$B$20004,'Input Restaurant'!$A$5:$A$20004,B34)) -> 0 | E34: =IF(B34="","",IF(D34=0,"Tidak Ada Pendapatan","Ada Pendapatan")) -> Tidak Ada Pendapatan | F34: =IF(B34="","",SUM($D$15:D34)) -> 0 | H34: RINGKASAN PAJAK BULANAN
A35: =IF(B35="","",ROW()-14) -> 21 | B35: =IF(ROW()-14<=DAY(DATE($E$4,MATCH($B$4,Referensi!$A$2:$A$13,0)+1,0)),DATE($E$4,MATCH($B$4,Referensi!$A$2:$A$13,0),ROW()-14),"") -> 46224 | C35: =IF(B35="","",CHOOSE(WEEKDAY(B35,2),"Senin","Selasa","Rabu","Kamis","Jumat","Sabtu","Minggu")) -> Selasa | D35: =IF(B35="","",SUMIFS('Input Restaurant'!$B$5:$B$20004,'Input Restaurant'!$A$5:$A$20004,B35)) -> 0 | E35: =IF(B35="","",IF(D35=0,"Tidak Ada Pendapatan","Ada Pendapatan")) -> Tidak Ada Pendapatan | F35: =IF(B35="","",SUM($D$15:D35)) -> 0 | H35: Pendapatan Kotor | M35: =$A$7 -> 0
A36: =IF(B36="","",ROW()-14) -> 22 | B36: =IF(ROW()-14<=DAY(DATE($E$4,MATCH($B$4,Referensi!$A$2:$A$13,0)+1,0)),DATE($E$4,MATCH($B$4,Referensi!$A$2:$A$13,0),ROW()-14),"") -> 46225 | C36: =IF(B36="","",CHOOSE(WEEKDAY(B36,2),"Senin","Selasa","Rabu","Kamis","Jumat","Sabtu","Minggu")) -> Rabu | D36: =IF(B36="","",SUMIFS('Input Restaurant'!$B$5:$B$20004,'Input Restaurant'!$A$5:$A$20004,B36)) -> 0 | E36: =IF(B36="","",IF(D36=0,"Tidak Ada Pendapatan","Ada Pendapatan")) -> Tidak Ada Pendapatan | F36: =IF(B36="","",SUM($D$15:D36)) -> 0 | H36: Tarif Pajak | M36: =$H$4 -> 0.1
A37: =IF(B37="","",ROW()-14) -> 23 | B37: =IF(ROW()-14<=DAY(DATE($E$4,MATCH($B$4,Referensi!$A$2:$A$13,0)+1,0)),DATE($E$4,MATCH($B$4,Referensi!$A$2:$A$13,0),ROW()-14),"") -> 46226 | C37: =IF(B37="","",CHOOSE(WEEKDAY(B37,2),"Senin","Selasa","Rabu","Kamis","Jumat","Sabtu","Minggu")) -> Kamis | D37: =IF(B37="","",SUMIFS('Input Restaurant'!$B$5:$B$20004,'Input Restaurant'!$A$5:$A$20004,B37)) -> 0 | E37: =IF(B37="","",IF(D37=0,"Tidak Ada Pendapatan","Ada Pendapatan")) -> Tidak Ada Pendapatan | F37: =IF(B37="","",SUM($D$15:D37)) -> 0 | H37: Pajak yang Harus Dibayarkan | M37: =$F$7 -> 0
A38: =IF(B38="","",ROW()-14) -> 24 | B38: =IF(ROW()-14<=DAY(DATE($E$4,MATCH($B$4,Referensi!$A$2:$A$13,0)+1,0)),DATE($E$4,MATCH($B$4,Referensi!$A$2:$A$13,0),ROW()-14),"") -> 46227 | C38: =IF(B38="","",CHOOSE(WEEKDAY(B38,2),"Senin","Selasa","Rabu","Kamis","Jumat","Sabtu","Minggu")) -> Jumat | D38: =IF(B38="","",SUMIFS('Input Restaurant'!$B$5:$B$20004,'Input Restaurant'!$A$5:$A$20004,B38)) -> 0 | E38: =IF(B38="","",IF(D38=0,"Tidak Ada Pendapatan","Ada Pendapatan")) -> Tidak Ada Pendapatan | F38: =IF(B38="","",SUM($D$15:D38)) -> 0 | H38: Pendapatan Setelah Pajak | M38: =$K$7 -> 0
A39: =IF(B39="","",ROW()-14) -> 25 | B39: =IF(ROW()-14<=DAY(DATE($E$4,MATCH($B$4,Referensi!$A$2:$A$13,0)+1,0)),DATE($E$4,MATCH($B$4,Referensi!$A$2:$A$13,0),ROW()-14),"") -> 46228 | C39: =IF(B39="","",CHOOSE(WEEKDAY(B39,2),"Senin","Selasa","Rabu","Kamis","Jumat","Sabtu","Minggu")) -> Sabtu | D39: =IF(B39="","",SUMIFS('Input Restaurant'!$B$5:$B$20004,'Input Restaurant'!$A$5:$A$20004,B39)) -> 0 | E39: =IF(B39="","",IF(D39=0,"Tidak Ada Pendapatan","Ada Pendapatan")) -> Tidak Ada Pendapatan | F39: =IF(B39="","",SUM($D$15:D39)) -> 0
A40: =IF(B40="","",ROW()-14) -> 26 | B40: =IF(ROW()-14<=DAY(DATE($E$4,MATCH($B$4,Referensi!$A$2:$A$13,0)+1,0)),DATE($E$4,MATCH($B$4,Referensi!$A$2:$A$13,0),ROW()-14),"") -> 46229 | C40: =IF(B40="","",CHOOSE(WEEKDAY(B40,2),"Senin","Selasa","Rabu","Kamis","Jumat","Sabtu","Minggu")) -> Minggu | D40: =IF(B40="","",SUMIFS('Input Restaurant'!$B$5:$B$20004,'Input Restaurant'!$A$5:$A$20004,B40)) -> 0 | E40: =IF(B40="","",IF(D40=0,"Tidak Ada Pendapatan","Ada Pendapatan")) -> Tidak Ada Pendapatan | F40: =IF(B40="","",SUM($D$15:D40)) -> 0 | H40: Catatan: pajak Restaurant dihitung 10% dari pendapatan kotor pada periode yang dipilih.
A41: =IF(B41="","",ROW()-14) -> 27 | B41: =IF(ROW()-14<=DAY(DATE($E$4,MATCH($B$4,Referensi!$A$2:$A$13,0)+1,0)),DATE($E$4,MATCH($B$4,Referensi!$A$2:$A$13,0),ROW()-14),"") -> 46230 | C41: =IF(B41="","",CHOOSE(WEEKDAY(B41,2),"Senin","Selasa","Rabu","Kamis","Jumat","Sabtu","Minggu")) -> Senin | D41: =IF(B41="","",SUMIFS('Input Restaurant'!$B$5:$B$20004,'Input Restaurant'!$A$5:$A$20004,B41)) -> 0 | E41: =IF(B41="","",IF(D41=0,"Tidak Ada Pendapatan","Ada Pendapatan")) -> Tidak Ada Pendapatan | F41: =IF(B41="","",SUM($D$15:D41)) -> 0
A42: =IF(B42="","",ROW()-14) -> 28 | B42: =IF(ROW()-14<=DAY(DATE($E$4,MATCH($B$4,Referensi!$A$2:$A$13,0)+1,0)),DATE($E$4,MATCH($B$4,Referensi!$A$2:$A$13,0),ROW()-14),"") -> 46231 | C42: =IF(B42="","",CHOOSE(WEEKDAY(B42,2),"Senin","Selasa","Rabu","Kamis","Jumat","Sabtu","Minggu")) -> Selasa | D42: =IF(B42="","",SUMIFS('Input Restaurant'!$B$5:$B$20004,'Input Restaurant'!$A$5:$A$20004,B42)) -> 0 | E42: =IF(B42="","",IF(D42=0,"Tidak Ada Pendapatan","Ada Pendapatan")) -> Tidak Ada Pendapatan | F42: =IF(B42="","",SUM($D$15:D42)) -> 0
A43: =IF(B43="","",ROW()-14) -> 29 | B43: =IF(ROW()-14<=DAY(DATE($E$4,MATCH($B$4,Referensi!$A$2:$A$13,0)+1,0)),DATE($E$4,MATCH($B$4,Referensi!$A$2:$A$13,0),ROW()-14),"") -> 46232 | C43: =IF(B43="","",CHOOSE(WEEKDAY(B43,2),"Senin","Selasa","Rabu","Kamis","Jumat","Sabtu","Minggu")) -> Rabu | D43: =IF(B43="","",SUMIFS('Input Restaurant'!$B$5:$B$20004,'Input Restaurant'!$A$5:$A$20004,B43)) -> 0 | E43: =IF(B43="","",IF(D43=0,"Tidak Ada Pendapatan","Ada Pendapatan")) -> Tidak Ada Pendapatan | F43: =IF(B43="","",SUM($D$15:D43)) -> 0
A44: =IF(B44="","",ROW()-14) -> 30 | B44: =IF(ROW()-14<=DAY(DATE($E$4,MATCH($B$4,Referensi!$A$2:$A$13,0)+1,0)),DATE($E$4,MATCH($B$4,Referensi!$A$2:$A$13,0),ROW()-14),"") -> 46233 | C44: =IF(B44="","",CHOOSE(WEEKDAY(B44,2),"Senin","Selasa","Rabu","Kamis","Jumat","Sabtu","Minggu")) -> Kamis | D44: =IF(B44="","",SUMIFS('Input Restaurant'!$B$5:$B$20004,'Input Restaurant'!$A$5:$A$20004,B44)) -> 0 | E44: =IF(B44="","",IF(D44=0,"Tidak Ada Pendapatan","Ada Pendapatan")) -> Tidak Ada Pendapatan | F44: =IF(B44="","",SUM($D$15:D44)) -> 0
A45: =IF(B45="","",ROW()-14) -> 31 | B45: =IF(ROW()-14<=DAY(DATE($E$4,MATCH($B$4,Referensi!$A$2:$A$13,0)+1,0)),DATE($E$4,MATCH($B$4,Referensi!$A$2:$A$13,0),ROW()-14),"") -> 46234 | C45: =IF(B45="","",CHOOSE(WEEKDAY(B45,2),"Senin","Selasa","Rabu","Kamis","Jumat","Sabtu","Minggu")) -> Jumat | D45: =IF(B45="","",SUMIFS('Input Restaurant'!$B$5:$B$20004,'Input Restaurant'!$A$5:$A$20004,B45)) -> 0 | E45: =IF(B45="","",IF(D45=0,"Tidak Ada Pendapatan","Ada Pendapatan")) -> Tidak Ada Pendapatan | F45: =IF(B45="","",SUM($D$15:D45)) -> 0
A47: TOTAL PERIODE | D47: =SUM(D15:D45) -> 0 | E47: PAJAK 10% | F47: =ROUND(D47*$H$4,0) -> 0

Sheet Petunjuk
A1: PETUNJUK | B1: KETERANGAN
A2: 1 | B2: Masukkan pendapatan Bungalows pada lembar Input Bungalows.
A3: 2 | B3: Masukkan pendapatan Restaurant pada lembar Input Restaurant.
A4: 3 | B4: Gunakan satu baris untuk setiap tanggal. Kapasitas input maksimal 20.000 data per unit, mulai baris 5 sampai baris 20004.
A5: 4 | B5: Gunakan satu baris untuk setiap tanggal dan pastikan tanggal dikenali sebagai tanggal, bukan teks.
A6: 5 | B6: Data terurut otomatis tampil pada kolom D–E di lembar input yang sama.
A7: 6 | B7: Pilih bulan dan tahun pada laporan masing-masing.
A8: 7 | B8: Grafik, total pendapatan, pajak 10%, dan pendapatan setelah pajak berubah otomatis.
A9: 8 | B9: Untuk Google Spreadsheet: unggah ke Drive, buka dengan Google Spreadsheet, lalu simpan sebagai Google Spreadsheet.

Sheet Referensi
A1: Bulan | B1: Nomor | C1: Tahun
A2: Januari | B2: 1 | C2: 2000
A3: Februari | B3: 2 | C3: 2001
A4: Maret | B4: 3 | C4: 2002
A5: April | B5: 4 | C5: 2003
A6: Mei | B6: 5 | C6: 2004
A7: Juni | B7: 6 | C7: 2005
A8: Juli | B8: 7 | C8: 2006
A9: Agustus | B9: 8 | C9: 2007
A10: September | B10: 9 | C10: 2008
A11: Oktober | B11: 10 | C11: 2009
A12: November | B12: 11 | C12: 2010
A13: Desember | B13: 12 | C13: 2011
C14: 2012
C15: 2013
C16: 2014
C17: 2015
C18: 2016
C19: 2017
C20: 2018
C21: 2019
C22: 2020
C23: 2021
C24: 2022
C25: 2023
... C102: 2100
